{
  "nodes": {
    "NJeb_8r6k": {
      "position": {
        "x": -29020.4766,
        "y": 541.4703,
        "z": -19793.9531
      },
      "rotation": {
        "x": 359.673462,
        "y": 84.12828,
        "z": 2.9348945E-07
      },
      "flipSwitchStand": false
    },
    "NJeb_jnn9": {
      "position": {
        "x": -28993.1836,
        "y": 541.623535,
        "z": -19796.8789
      },
      "rotation": {
        "x": 359.673462,
        "y": 103.128273,
        "z": 3.335107E-07
      },
      "flipSwitchStand": false
    },
    "NJeb_h03v": {
      "position": {
        "x": -28962.9941,
        "y": 541.800232,
        "z": -19803.9141
      },
      "rotation": {
        "x": 359.673462,
        "y": 103.128273,
        "z": 3.46851181E-07
      },
      "flipSwitchStand": false
    },
    "NJeb_hmqz": {
      "position": {
        "x": -28859.7871,
        "y": 542.4051,
        "z": -19827.98
      },
      "rotation": {
        "x": 359.673462,
        "y": 103.128273,
        "z": 3.46851181E-07
      },
      "flipSwitchStand": false
    },
    "NJeb_ehpr": {
      "position": {
        "x": -28835.4453,
        "y": 542.5477,
        "z": -19833.6563
      },
      "rotation": {
        "x": 359.673462,
        "y": 103.128273,
        "z": 3.46851181E-07
      },
      "flipSwitchStand": false
    },
    "NJeb_vc41": {
      "position": {
        "x": -28939.5352,
        "y": 541.937439,
        "z": -19805.2266
      },
      "rotation": {
        "x": 359.673462,
        "y": 86.12829,
        "z": 2.80149038E-07
      },
      "flipSwitchStand": false
    },
    "NJeb_z5ht": {
      "position": {
        "x": -28674.002,
        "y": 543.4534,
        "z": -19786.6152
      },
      "rotation": {
        "x": 359.673462,
        "y": 85.92832,
        "z": 2.534682E-07
      },
      "flipSwitchStand": false
    },
    "NJeb_vbcr": {
      "position": {
        "x": -28831.8438,
        "y": 542.570068,
        "z": -19830.03
      },
      "rotation": {
        "x": 359.673462,
        "y": 85.12829,
        "z": 3.46851181E-07
      },
      "flipSwitchStand": false
    },
    "NJeb_q85s": {
      "position": {
        "x": -28674.4668,
        "y": 543.4697,
        "z": -19816.5625
      },
      "rotation": {
        "x": 359.673462,
        "y": 85.12828,
        "z": 3.46851181E-07
      },
      "flipSwitchStand": false
    },
    "NJeb_l5ac": {
      "position": {
        "x": -28803.9473,
        "y": 542.7301,
        "z": -19835.13
      },
      "rotation": {
        "x": 359.673462,
        "y": 86.12829,
        "z": 3.46851181E-07
      },
      "flipSwitchStand": false
    },
    "NJeb_n1a7": {
      "position": {
        "x": -28674.2422,
        "y": 543.4706,
        "z": -19826.3262
      },
      "rotation": {
        "x": 359.673462,
        "y": 86.12829,
        "z": 3.33510741E-07
      },
      "flipSwitchStand": false
    },
    "Nier": {
      "position": {
        "x": -29050.3,
        "y": 541.3,
        "z": -19797.0
      },
      "rotation": {
        "x": 359.673462,
        "y": 84.1282959,
        "z": -1.334043E-08
      },
      "flipSwitchStand": true
    }
  },
  "segments": {
    "SJeb_38yh": {
      "style": "Standard",
      "trackClass": "Mainline",
      "startId": "Nier",
      "endId": "NJeb_8r6k",
      "priority": 0,
      "speedLimit": 0,
      "groupId": ""
    },
    "SJeb_zyme": {
      "style": "Standard",
      "trackClass": "Mainline",
      "startId": "NJeb_8r6k",
      "endId": "NJeb_jnn9",
      "priority": 0,
      "speedLimit": 0,
      "groupId": ""
    },
    "SJeb_f864": {
      "style": "Standard",
      "trackClass": "Mainline",
      "startId": "NJeb_jnn9",
      "endId": "NJeb_h03v",
      "priority": 0,
      "speedLimit": 0,
      "groupId": ""
    },
    "SJeb_2k6p": {
      "style": "Standard",
      "trackClass": "Mainline",
      "startId": "NJeb_h03v",
      "endId": "NJeb_hmqz",
      "priority": 0,
      "speedLimit": 0,
      "groupId": ""
    },
    "SJeb_bep8": {
      "style": "Standard",
      "trackClass": "Mainline",
      "startId": "NJeb_hmqz",
      "endId": "NJeb_ehpr",
      "priority": 0,
      "speedLimit": 0,
      "groupId": ""
    },
    "SJeb_hr8z": {
      "style": "Standard",
      "trackClass": "Mainline",
      "startId": "NJeb_h03v",
      "endId": "NJeb_vc41",
      "priority": 0,
      "speedLimit": 0,
      "groupId": ""
    },
    "SJeb_dn5a": {
      "style": "Standard",
      "trackClass": "Mainline",
      "startId": "NJeb_vc41",
      "endId": "NJeb_z5ht",
      "priority": 0,
      "speedLimit": 0,
      "groupId": ""
    },
    "SJeb_r8o8": {
      "style": "Standard",
      "trackClass": "Mainline",
      "startId": "NJeb_hmqz",
      "endId": "NJeb_vbcr",
      "priority": 0,
      "speedLimit": 0,
      "groupId": ""
    },
    "SJeb_i5dc": {
      "style": "Standard",
      "trackClass": "Mainline",
      "startId": "NJeb_vbcr",
      "endId": "NJeb_q85s",
      "priority": 0,
      "speedLimit": 0,
      "groupId": ""
    },
    "SJeb_dex0": {
      "style": "Standard",
      "trackClass": "Mainline",
      "startId": "NJeb_ehpr",
      "endId": "NJeb_l5ac",
      "priority": 0,
      "speedLimit": 0,
      "groupId": ""
    },
    "SJeb_cml0": {
      "style": "Standard",
      "trackClass": "Mainline",
      "startId": "NJeb_l5ac",
      "endId": "NJeb_n1a7",
      "priority": 0,
      "speedLimit": 0,
      "groupId": ""
    }
  },
  "spans": {
    "JEBasmlu": {
      "upper": {
        "segmentId": "SJeb_dn5a",
        "distance": 0.200,
        "end": "end"
      },
      "lower": {
        "segmentId": "SJeb_hr8z",
        "distance": 0.200,
        "end": "end"
      }
    },
    "JEBasmtl": {
      "upper": {
        "segmentId": "SJeb_i5dc",
        "distance": 0.200,
        "end": "End"
      },
      "lower": {
        "segmentId": "SJeb_r8o8",
        "distance": 0.200,
        "end": "End"
      }      
    },
    "JEBasmwl": {
      "upper": {
        "segmentId": "SJeb_cml0",
        "distance": 0.200,
        "end": "End"
      },
      "lower": {
        "segmentId": "SJeb_dex0",
        "distance": 0.200,
        "end": "End"
      }      
    }
  },
  "areas": {
    "andrews": {
      "industries": {
        "andrews-sawmill": {
          "name": "Andrews Saw Mill",
          "localPosition": {
            "x": 237.7461,
            "y": -2.30957031,
            "z": -872.897949
          },
          "usesContract": true,
          "components": {
            "": {
              "type": "Model.OpsNew.FormulaicIndustryComponent",
              "name": "Andrews Saw Mill",
              "trackSpans": [],
              "carTypeFilter": "",
              "sharedStorage": true,
              "inputTermsPerDay": {
                "logs": 60.0
              },
              "outputTermsPerDay": {
                "lumber-dimensional": 900000.0,
                "gondola-woodchips":  1078000.0 
              }
            },
            "logs": {
              "type": "Model.OpsNew.IndustryUnloader",
              "name": "Andrews Saw Mill L1",
              "trackSpans": [
                "JEBasmlu"
              ],
              "carTypeFilter": "FL",
              "sharedStorage": true,
              "loadId": "logs",
              "storageChangeRate": 0.0,
              "maxStorage": 60.0,
              "orderAroundEmpties": false,
              "carTransferRate": 720.0,
              "orderAroundLoaded": false
            },
            "T1": {
              "type": "Model.OpsNew.IndustryLoader",
              "name": "Andrews Saw Mill T1",
              "trackSpans": [
                "JEBasmtl"
              ],
              "carTypeFilter": "XM*,FM*",
              "sharedStorage": true,
              "loadId": "lumber-dimensional",
              "storageChangeRate": 0.0,
              "maxStorage": 1166000.0,
              "orderAroundEmpties": true,
              "carTransferRate": 1166000.0,
              "orderAroundLoaded": true
            },
            "W1": {
              "type": "Model.OpsNew.IndustryLoader",
              "name": "Andrews Saw Mill W1",
              "trackSpans": [
                "JEBasmwl"
              ],
              "carTypeFilter": "HMR",
              "sharedStorage": true,
              "loadId": "gondola-woodchips",
              "storageChangeRate": 0.0,
              "maxStorage": 1540000.0,
              "orderAroundEmpties": true,
              "carTransferRate": 1540000.0,
              "orderAroundLoaded": true
            }
          }
        }
      }
    }
  }
}